{
  "mass": 70.0,
  "gravity": 9.81,
  "body_weight_force": 686.7,
  "max_vertical_force": 824.0400000000001,
  "typical_horizontal_force": 103.00500000000001
}