{
  "Overall": {
    "MAE (N)": 11.155329226430538,
    "RMSE (N)": 19.098027475899062
  },
  "Components": {
    "Left Foot X": {
      "MAE (N)": 5.292898569230042,
      "RMSE (N)": 6.14073750493807,
      "MRE (%)": 14.845659965149526
    },
    "Left Foot Y": {
      "MAE (N)": 25.959982410881338,
      "RMSE (N)": 34.523398667634666,
      "MRE (%)": 25.51260165531626
    },
    "Left Foot Z": {
      "MAE (N)": 3.0316161254028318,
      "RMSE (N)": 3.4039967238580444,
      "MRE (%)": 8.089054010216365
    },
    "Right Foot X": {
      "MAE (N)": 1.54263455245616,
      "RMSE (N)": 2.035606058324225,
      "MRE (%)": 14.997263789739204
    },
    "Right Foot Y": {
      "MAE (N)": 28.66515154414062,
      "RMSE (N)": 30.586451972911057,
      "MRE (%)": 15.838241942517946
    },
    "Right Foot Z": {
      "MAE (N)": 2.439692156472245,
      "RMSE (N)": 2.7517772693777784,
      "MRE (%)": 11.212881536608956
    }
  },
  "Physics": {
    "True Total Vertical Force (N)": 616.9787651075001,
    "Predicted Total Vertical Force (N)": 625.7249755859375,
    "Body Weight Force (N)": 686.7,
    "Vertical Force Error (N)": 60.975024414062545,
    "Vertical Force Error (%)": 8.879426884238029
  }
}