{
  "mean": [
    -646.2809254769443,
    16.67419122943813,
    290.40953400553474,
    -48.9587620068455,
    876.4742031223237,
    7.681611728391164,
    -985.428627710723,
    18.629152191865934,
    -80.34820319186855,
    -52.47000367935967,
    -202.80131883296133,
    7.282680313529585
  ],
  "scale": [
    270.6940762368285,
    15.922823831516109,
    83.65860622567695,
    129.7808598271879,
    138.8846746017785,
    38.088742084004146,
    175.9724105530708,
    19.615285080853866,
    63.58222778405078,
    114.06671309724513,
    140.23964331962517,
    10.266963427052646
  ]
}