{
  "mean": [
    9.917916075312501,
    341.56131817874996,
    -56.03164242312501,
    -4.617622046249999,
    304.97820226875,
    17.603409111250002
  ],
  "scale": [
    37.97442397765351,
    349.5342110868992,
    36.525210237343224,
    17.669782408303625,
    261.24092684719903,
    30.256321132207223
  ]
}